V1,V2,V3,Amount,Class
0.5839281853259639,1.0325462043416573,-0.5888668267386961,30.627103853078992,0
2.0883747047807275,-1.4438548161335418,-0.09338685889994829,12.872423406502643,0
-1.0399059271255309,-1.2207124259141586,0.32159321133923857,27.562430028113017,0
0.4363236696740321,0.21329370737293857,-0.9600462952794637,198.84828678910108,0
-0.7271371758248686,-0.13744851462769186,-0.33513778117145177,76.48219716832733,0
-0.03850846950070721,-1.308820399119112,1.8876876573401904,45.3748598556454,0
-2.0417348684242906,-2.9403886346642802,0.7774073527645112,119.95597600774018,0
-0.016422896072752075,0.28869362927985703,2.218780233448134,45.23866194801906,0
-0.1852876588777083,-0.9564363768180087,-0.7801991291174627,36.62691544645326,0
1.9094166404701305,-0.372833152091767,0.7426824183597224,1.115662396212134,0
-1.6929568141953855,-0.375196380323937,0.9515497705740428,32.06908752292723,0
-0.03269474809409311,1.0725073373098022,0.17682087213939798,52.239379354967156,0
0.9246336829127688,-1.3796181647889305,-0.6085897232397004,58.7606292773439,0
-0.38817681854122876,-0.5583017539460305,-1.1533505105959594,31.607966021174843,0
-0.7557451594928447,-0.9811655311396816,1.1727568452674448,21.024533103929677,0
0.169360824036078,1.617212574968624,0.2837510236615011,6.346827486498934,0
-0.2727235697476705,1.0800480657146485,-0.18452535765584954,118.78035374513888,0
0.2337859117907477,-1.8665399513606162,0.9003985883950636,4.463589043263435,0
0.30263546523903323,-0.9006207346478687,-0.05658848889989584,2.631206829634183,0
-1.2221278088919454,1.2969945465611092,-1.0896330373423884,141.91441185867114,0
-0.0952955323869521,-0.08836295920533532,-0.031058932870901952,48.55459069381824,0
-0.5768918695231487,1.8540925663341883,0.34005129456889044,12.859106393845702,0
0.25602973431387566,0.33198033056901455,1.0817667276728287,16.929207902268363,0
1.066674689589154,-0.30803428418574125,-1.10486279306252,272.8592315316911,0
-2.211135309007885,0.3673655068161781,-0.2950899142379063,6.578595928071696,0
0.7569886166453519,0.20056919723094285,-1.0138959522925377,24.973445263356513,0
0.6141667000434252,-0.5286166817497568,0.5720574417141441,4.129980773087193,0
-1.8403970318825338,4.713166771655964,-0.301912472473032,490.51757687191275,1
-0.9039076414647897,-1.3303136257389898,1.2496189052966666,89.83782916409059,0
1.3902075490173134,0.08531814256502405,0.8814075289235711,4.153597691492223,0
-0.09671311187039239,-0.47490365662252443,0.5820265670847269,27.79984508418544,0
-0.6506425691218269,0.22468472575188592,0.8691560643892732,84.20451143894019,0
1.5033983017671506,-0.1973384203073261,0.08520944963390106,96.18787577866014,0
-0.6127886904843862,0.15985639199740037,-0.05240445057746945,186.02638810344442,0
0.472597482413043,-0.09053328230416077,1.4313667818311835,63.6764097232243,0
-0.32602353216784113,-0.45709625658627184,-0.3135296861723979,5.15746393341898,0
0.4940301862827388,0.47635776935621926,-1.28716356858425,59.54951573057114,0
0.24333944932269183,1.9583474542205939,1.2571492168625729,20.573953452121447,0
-0.11122606134870032,-0.8987840483231282,-0.8468509661253646,2.709292223847981,0
0.6453759495851475,0.9960476858058164,0.03279699541158651,174.21016873840983,0
0.6159356069442637,-0.9224101844985025,1.0305805856240573,10.926106223277317,0
0.03526355197172861,1.173473857485325,1.1695899924277735,102.75230184371686,0
1.7522704434236227,1.3175975356079597,0.9413105807674833,16.996828341644225,0
0.1704162223754877,-1.100154232971695,1.1373145423647293,8.005992486055339,0
-0.7128457826771644,-1.0623935281468797,0.4097627959594974,41.49337359383612,0
-0.2595913513636048,0.9192289345752035,-0.6353623888256293,8.642533183682657,0
-2.152890592952483,-0.08152267310164589,-1.8579014513982872,16.788030681875032,0
-0.6763923020592697,0.37710039390218647,-0.11622904312195817,153.31082645374593,0
-0.4344962274323156,0.08243975293450329,0.2531652380379812,35.725733270672215,0
0.12229750303228377,-0.18039168176240783,-0.45909031021899177,2.713659459926547,0
-0.5020542243526112,-0.5426737997340217,3.9262377064363267,33.00806973811877,0
-0.6492775450660071,-0.649373038321426,-0.952316380738797,0.6037822640070042,0
-0.9896048202585809,0.12267031599479553,-1.3192471945987674,43.18014238904101,0
-0.09917586377938291,0.23924686411114954,0.32950873557300914,61.27208040387446,0
0.9504238381860503,-0.4432822511915103,0.6934789119139937,13.311738744306478,0
-0.4691756521047048,-0.20932367715186612,0.26125053123385605,18.391915821910132,0
-0.966976143129213,0.5211224283793383,0.6404797952008238,155.55512648309409,0
-0.7673475628880495,-2.59104229214491,0.5752050161065663,94.84244458281704,0
-0.4593608995402441,0.06699071722487192,-1.3776175007542373,0.20981177611591675,0
0.9407711879882159,-1.0150941918278686,0.47004418736820214,9.046113292735315,0
-0.5468589412403921,1.4122205554154292,0.7890566873755189,1.276101432619636,0
0.06751848141010895,-0.6568942789713957,0.26028050658288615,26.575208594133088,0
0.7462535660272207,0.4240610444640897,-0.8866809222834573,64.37300876406098,0
0.8294055811834892,-0.22647889190152676,-0.4173668136050844,6.787802624741864,0
-1.4307751021180481,-0.05139372358848624,0.9854496856152184,17.695809153208515,0
1.1727290192593647,-0.5089636257074988,-2.832155598110569,80.70712848531731,0
0.1200313267182613,-0.8170886310681906,0.09337237427665124,74.63489077781293,0
-1.3698029795790778,0.6045153263553668,0.7123221595801621,28.78748428817034,0
0.07409478041977519,0.9278401280812372,-1.44964521969853,6.116641047236742,0
0.6454841811410754,-0.47383934707091613,0.5348173363459102,132.11871371146208,0
-1.5151910621985523,0.24075317948856828,-0.02355215087423812,8.21104956124834,0
-0.5522230442809712,-0.0332299906444608,0.39379729821625153,17.71050308678424,0
1.1172958315881276,-1.5029703283951532,1.8486088332964115,3.5311360073131417,0
0.6127739050625697,-0.5081401976473109,1.7549330716472415,20.937594394579033,0
-0.024125087110003277,0.42359906559346105,0.08199555641356042,40.312633474358876,0
2.5733598032498604,-0.33477533210654087,0.5987943895619102,42.853169423962356,0
-0.48388583405432156,-0.8818746512277178,-0.8463159774657358,21.718471169660152,0
-0.45006547147924364,0.742095372009307,-0.6292633936927887,10.532109527205675,0
-0.0821511783925688,2.6443433470170348,0.6855077387902041,13.30042329500564,0
-0.34268759408034877,0.19438430157733602,0.19729226563120644,7.146319423761691,0
-0.17262729994081963,-3.0195121558208253,0.5565531245337582,84.20374140282519,0
-2.0392321777601006,0.5562300094006599,-0.92951086019241,304.827677430358,0
-0.3357846992901282,0.11327041053776446,-1.876552706041874,25.209134051239314,0
-0.26940683444455776,0.45588777208160763,-1.496529255090079,30.050234810604625,0
0.48937456122791806,-0.6078219870944325,-0.6520888885930607,43.95309661438341,0
1.5774532797634744,-0.10960980392583083,-0.5846177306571996,23.486177371615256,0
-1.8554420692314222,-0.0796130620537685,-2.9936552115087727,508.41682301856963,1
0.8502217421134929,0.19358991136754436,-0.20661127969604665,130.22476861313058,0
0.2010990467149675,-1.5537587660160643,0.23402445435314795,22.569328491566296,0
-1.0810633275998973,-0.3917581490438219,0.5107920885275947,113.44526322154411,0
-0.7553829323533225,0.8080577982811451,0.02390304328495547,13.660457880636798,0
0.26705026586925884,-0.31905393566661816,-0.2561797524953801,18.765194369952113,0
-0.35929209078705954,1.1267051368275833,-0.8372624310497003,14.829226243266202,0
2.270692857804396,0.8840453963610497,-0.3084827884558197,24.074626721351443,0
-0.6389617476895022,0.6728612359668199,-0.30085974714082625,11.532333715965667,0
-0.5160447282173739,-0.08310557262869477,-0.8043157596599924,20.144684534963282,0
0.3287624103034804,0.6031874310823431,0.1435879365051602,29.9237134411888,0
0.5040465155178444,-0.5830774385689385,-0.9175028210142636,6.780908281102242,0
1.0584244868495878,-0.32267983884213575,0.8901984111247868,35.25407098920353,0
-1.3340254949182044,-0.07595102364252276,-0.36920720044744615,2.11914631066632,0
-0.3492577043184288,-0.13737178839939665,0.15697296096843422,168.82375513656626,0
0.11422764866203965,-1.0003313246055747,0.3496500472996937,36.49859810873943,0
0.9920423495365228,-0.6775646523356551,0.04600274725327412,39.52775611979838,0
0.4714683571359957,1.3748764191481848,0.3891591956679287,9.9769607645218,0
1.3993554365860021,-0.971656734541286,-0.8245141615276735,8.710512926934543,0
-0.535235211560568,0.43192254467394064,0.2700573583914221,39.59816296030759,0
0.19408999289830758,-0.29548031802916036,-0.1873290184063747,13.245718340327208,0
0.06447441481012024,1.9956674897839644,-1.5614932224418594,7.037179592046167,0
-1.2110161997624567,-1.86653661707306,1.4436320034688142,42.385789825193626,0
0.7081086766885905,1.235782191822154,-1.6685992588781953,5.239959709907937,0
1.1692955904456728,0.7796605322693398,0.22054142701386686,28.569693369842636,0
0.5500520990245519,-0.23401985910698136,-0.11066536855732945,50.437209970856166,0
-0.28083025531288763,1.4115149887270846,-4.321131134404095,538.8375729230169,1
1.3920022863445993,0.24650477843200488,-2.1272274203514954,74.98400233730234,0
0.9551423205012383,0.8157372125392968,1.5379319184125528,25.663244742597886,0
0.6815006973726244,-0.03703679704841202,-0.7582820688875902,7.9319183734430405,0
-0.6039851867158206,-1.1196174332890112,-1.3224579567435701,35.84202795680434,0
1.1906462747863413,1.6744924333475373,-1.0257526836402773,11.378596725190913,0
-0.8169356709872361,-0.8058700664961888,0.1941076309533577,12.399671426590302,0
-0.14436041192394247,-1.0675329142542729,1.4558223221467665,11.792901497912002,0
0.4190190093660452,-0.9539394193966448,-0.5244481362626519,90.84540907357625,0
0.42961821913258585,0.043602446372453724,1.75547569831549,19.058820690720644,0
1.5007597906343109,0.26256132900192497,-0.9627325652846123,18.385284366564466,0
-0.5112156764311852,-0.9533286082587124,-0.6256772874962124,27.23730742726084,0
0.8696059201056602,-1.015821818978397,-0.9254246260595873,5.099735481909057,0
1.1950466289248425,-0.10730214400422888,-2.7475048427252347,81.07597621666282,0
-0.045586016355497805,1.100959634998571,-0.4500128579958137,85.42681230521889,0
-0.18687164416135904,-1.8751724696457446,-0.20585943088034037,152.23221227574538,0
-0.08828204835125482,0.8823330623234091,2.2816518365388427,16.20030240877383,0
2.439752406339273,1.4898634386020821,0.7396531517246714,185.27151877392393,0
-0.08973569428722672,0.6215718898560508,0.09175248444837286,20.035517767770354,0
-0.2949496782920278,0.18970616761039566,-1.0022170189267248,127.94085204151129,0
-1.6924646297148194,-0.2918112689155441,1.2374381346841392,3.0734192931961086,0
-0.8090182047214853,1.5146025043494364,-3.0838806727833195,552.6536683672307,1
1.3821589910375272,1.3103087461196083,1.2179591523055584,126.72043585554833,0
2.060747924881987,-1.0469109826819396,-0.9637589262106109,136.46107357671355,0
-1.4222537095976742,0.5885784044206096,0.26348721533105957,16.22209212401905,0
0.3384964074944141,-0.021367294348436157,-0.7095798547491726,57.65040094108894,0
-0.898414671348358,-0.172946059923423,1.0599363840466218,85.75867549232842,0
-1.3801014582148914,0.26859227886325693,-1.0039573720814985,26.792272570050464,0
0.514438834058749,-0.7534178703461835,1.2358116200069387,1.0578171669846346,0
0.2799686263198203,0.4365598041576678,-0.29967664800678706,76.26076966689729,0
1.0302834540318422,-2.438817158276429,1.1590740649558977,40.371060244306136,0
-2.6968866429415717,-0.4473218956587512,-0.6047446645382127,238.57762743172563,0
-0.7050118557584089,-0.4070363129267805,-0.7353034606819523,13.709998438399396,0
-0.3091164642025014,0.19894814679649453,0.937915537510655,18.955755486777097,0
-0.28067507686677406,-0.6163614080394775,0.4430021304473752,25.013701101250412,0
1.496044311489183,0.08614388304637476,-0.2346205699574138,3.775791477930543,0
-0.2246331499970246,-1.2575778589146163,-0.7121738641760436,38.32330207536979,0
-0.24032539815813503,-0.9993022322949108,-0.370508098590029,31.89976861234839,0
1.0495527153193351,-0.6414815952229522,-1.8206033005485172,8.466708593202988,0
0.5705986685931593,-0.0033744574109520514,-0.7666565877833479,87.41555120494631,0
0.43693816974634986,0.4577728661518858,0.216624975404619,6.98340231666427,0
-1.0810565404082624,-0.7424705856980482,-0.0739475656083926,97.8428346581652,0
0.028181157369128247,0.7833905092825955,-0.8783230771797389,36.153748500393164,0
-0.5228600271532683,0.5087250232299338,-1.2961166642498945,32.263177571104166,0
-1.4075116947178212,0.33848384346169114,1.6999573745763805,27.158787331419077,0
1.1487657003721035,-0.5240883979345925,-0.41142660711600243,57.58010763540457,0
1.3686315575323487,-0.7567950885694608,-0.7584953347000695,23.727836040856705,0
-1.5558956462036273,1.0075136898369221,0.4512253193185082,179.6083130004628,0
0.6427227598675439,0.3080505395041023,-0.7188323876087304,23.649755390741216,0
1.613711269058647,0.04091917539572113,-0.09445871444200275,50.357859384851785,0
1.7359638031652493,0.3514482075415829,0.9113627221747217,16.00944361885238,0
0.1979107834626478,1.0701502383164274,0.10575379127148042,155.781527913457,0
-0.5574917850078336,-1.2504077339697175,-0.40968659262949736,53.69219460689436,0
0.647195939702741,-0.9399031011088647,-0.21220896990115168,124.8371883853331,0
-0.543424771133765,0.4523717962497339,1.4104591452035038,75.75473921632272,0
-0.5503051538454201,1.0602099074988798,-0.5835993263460049,86.86289712209756,0
1.2715550949941588,1.1398785611290454,0.39792704994680894,34.28268851098677,0
-0.7778166875908753,-0.29540141013902943,1.0715431522348857,45.72702409857454,0
0.01843393306539316,0.6725737012027313,0.46926758980852623,1.0171689702263214,0
0.1664522082130561,0.16865467196672768,-0.09546424708907303,59.70511162215987,0
-0.24903603955637832,-1.7607627591558177,-0.3695269288333586,4.202537571378502,0
-4.197240850355625,4.29206028828413,-3.3645917983212996,493.9596270803092,1
-0.5554771191602547,0.23321613126350166,-0.6355578414044034,2.4173399626215963,0
-0.5397596803093615,-0.13263374638257355,0.756788679986982,108.65302700153757,0
0.22388402427913137,-0.7280029412291344,1.7586204841951334,26.353921845581684,0
1.593186626639397,-0.4827435221820324,1.0964692338108837,65.62810147679964,0
0.5639091200523596,-0.828497024780246,1.3183023248526693,20.900253745108895,0
1.0786808334312956,1.360658595838651,-0.41360553342164424,8.038187163035273,0
0.6329318177555108,-0.2081168572725397,-1.92767257934561,74.6951582740636,0
1.5739867632900328,-0.19382613877280352,0.07748051851886253,49.099289432611755,0
-0.6248185776956788,0.738810480887503,2.012270445700765,12.464819983522059,0
0.5072740311072977,-0.21492103028873533,0.8333339117803071,45.32322288144665,0
-1.243863235391285,-1.5981243518837476,-0.9457460606967811,23.880617500038113,0
-1.3985675738191412,1.7269638512334051,0.4822489526806572,202.3385347464919,0
0.3078017688920592,0.3506300992735592,0.6791427754381955,83.53007316259138,0
0.19584525509768155,1.1070806692869728,-1.0166831285764972,41.57343152448335,0
-0.009118996644203544,-0.2515388860444957,-0.3780078990182172,5.24468198529216,0
0.15041890514357642,1.0391117874202687,-0.7330329955239894,83.51428752002451,0
0.5578103063518622,-0.8082657216409264,0.7211353625455816,57.460704644722796,0
-1.5929937335316693,-0.835142901630023,-1.0385438208439723,97.57349871303201,0
-0.573700003938579,-0.14451867071551783,1.2723535001067678,147.61419659569103,0
1.2012139221639448,-0.6022120603617805,0.9218015019772522,2.2533130580002525,0
-1.4785862457798415,1.4926885689595217,-1.2457173764463845,22.169231298440145,0
0.9725544496267299,-1.830632896856457,-0.8798143535020543,25.987042380817098,0
-1.251113576385303,1.5213160519224513,0.8902475008365087,110.66394298015024,0
-0.21910052880886424,-0.82688035403986,-0.9186865114860944,9.309676554186964,0
-1.5839028234857233,1.0560568090660518,-1.6394841625254342,10.5440007358339,0
-0.08912003951278841,-0.8392096673390064,-0.2716551103260533,84.02611555044057,0
1.179440120721287,1.4711703274936085,1.2119439853864005,14.538470139077935,0
0.3686733088729012,0.9648516330974576,-0.5312142946075985,0.011353199766673677,0
0.7716987106483447,-0.6947131310890582,1.2002617497388293,107.57221879443219,0
0.132969674146876,1.1731246375866413,-0.6068651778571754,1.9868503306108904,0
-0.429405541125253,-0.3574454228104272,0.4559041951707027,14.981273910731716,0
1.3291525301324314,-0.3916485674217911,0.7450053128772811,104.33536366477671,0
0.6385924587773739,-1.141689114133505,-0.01383774609423725,46.454808449092475,0
0.9567023167945841,-1.0710536796490489,1.0587285298838789,72.74920922196848,0
0.2029230208512997,-0.12853751143893075,-0.2788833941507565,24.97135820407972,0
-0.9683444548636353,0.4663583744463345,-0.8966422273152082,10.938093679768638,0
-1.183258512665775,1.328194141849058,-1.8461878622380938,53.662173490006815,0
-0.5923939242388692,-1.4183657329330317,-0.7632861041785816,7.088528236200342,0
0.3885786045309641,0.34767648353833636,0.6032475005713938,49.81683304268637,0
-0.6013676439512137,-0.31984752325484395,-2.9069882193216414,19.435380271816012,0
0.5228354880354996,-0.6751782749743815,0.26402008133367,24.896933703682148,0
0.326133022242118,1.2171585208254965,-1.091933900395313,43.03299643822845,0
-1.0227925651984056,0.9375701376265584,2.411676675578421,49.39858527310383,0
2.4457519796168263,-2.3629324355418384,2.620793091029975,13.765974568914324,0
-1.092312764672579,-1.4511756900515589,-1.0708524186844388,15.218248160799044,0
-1.2829922241885696,-0.30372602877666466,-0.9822940342546795,4.702321464483385,0
1.246085192497629,0.5796331732135757,0.2965755451407618,47.09426506615993,0
0.3464884758979927,-0.4501892648514116,-0.39568071175626385,2.54392735453842,0
0.1605739810498646,0.4395012306202264,0.33855287628591424,208.84657736152673,0
0.33231401197959165,-0.3653215513121087,1.1173988159024608,20.1248921450785,0
0.0760053914124115,0.5844129804724842,0.7574951493374855,73.212174887384,0
0.01259240078179486,0.9343199112392737,-0.387099702474401,34.65325839263281,0
2.16325472330546,-0.014452270878279104,1.2289805024890619,28.15296984773289,0
1.1033018820165215,1.9389289990582848,-1.962625691672579,9.426809002664525,0
1.2360931752104374,0.9216501119244593,-0.03901951937754412,2.3101223915072286,0
-0.3933388123273607,1.6155828235482317,0.48387665118803974,123.25610569014233,0
1.6964563682900382,-0.25890497370407733,0.6256309336460009,40.499084320383446,0
-4.06391048418887,1.2546488320960507,-3.5823645802823085,478.28689250537974,1
0.2891686439078181,-1.090399077442846,-0.08059974929676088,105.71388939487412,0
-1.2803043986708944,-1.9792998103757877,-0.04551224530124217,242.27070263269303,0
-0.11453984525261789,-0.6056155397368641,-1.77623523289832,83.01667490193985,0
-1.7131345290908775,-0.6690727386599166,-0.36927713924620315,47.54901370388995,0
-0.26987493529337125,-1.6151318159055095,-2.6357477390168778,157.00373348319917,0
-1.2096947428411076,0.5345056484805503,-0.6277339060845056,71.43923467867238,0
-0.4325581878196209,-0.5327008396619114,-2.219300372747535,42.650053771212455,0
0.924027019206901,0.9983108981479604,0.17183933979353122,45.43414021101691,0
0.09767609854883172,-1.366878698415421,0.6955377575657775,65.51283351620553,0
-0.35151348404130867,1.2269332238843076,-1.1308884353259157,145.9116150367144,0
1.188393273448084,0.2603218387712207,-0.1590452104000513,26.81962219677111,0
1.0225704320096403,-0.22320225463480511,-0.13939720066323416,73.42874683334661,0
-2.0733902324081495,0.32579631658216646,0.4631847952675847,33.48888681300812,0
1.6449677135012837,0.5655096456315442,0.22530792204094158,45.27741002215417,0
1.0531528533329035,-1.3200225112207058,-0.4516594761596227,97.32634503980556,0
-2.0674421000398766,-0.3649527295428853,-0.5466800845872654,3.170759755536955,0
-1.0592135218889516,-0.27681329988892067,-1.1482632887526183,46.040889922899225,0
1.1265650295477574,-0.8463566549908735,-1.1376856704248166,27.097717833508668,0
-0.9398797863273552,-1.1032083657216831,0.8297324178791745,8.21027132820909,0
-2.2269612917642823,5.117578368993788,-1.3944522596551052,508.6110868258978,1
1.642015160136369,-0.3540407109410238,0.38897872935218375,2.00283581105462,0
-0.05576907765770601,0.6863184569567008,0.7214793237573432,10.843058312969116,0
-0.09605989972464987,1.1618783026081905,1.4816634024625988,55.69272200237665,0
0.7109599682034915,0.840620026504553,0.015618333949603047,49.13246705322381,0
0.6818914896263114,1.3043402428781525,0.2167755637626291,52.31244208494754,0
-0.1524698363805439,0.40429475496169764,2.8684030556667683,22.848314940464515,0
0.5079913269125437,0.31965182591897723,-0.7331561971099966,45.913653437764154,0
0.024510174258942714,-1.1701130260593595,-0.29396694766418224,10.329069449920912,0
0.07863519031609059,0.6157711497711416,-0.5555467794868666,66.95675611862521,0
-1.344450511034277,-0.4830610516834395,0.5950294658355647,9.212886809469957,0
-0.6997255079925856,0.18102155870370695,-0.22939074406802776,43.01698157094419,0
1.5295503194606137,-1.563190808696657,-0.45730165508679,58.890982136291136,0
-1.348185422105713,0.6347214685617699,-0.3294477863470914,52.402444913502556,0
2.5797093376543185,-0.45209033283308037,-0.6176416769336966,40.84163828959275,0
-1.6453987469568918,0.24395319790850026,-0.35802937974698623,65.69879462315672,0
-0.7257438131534656,1.0859821161750323,1.0450884740847535,34.66318528654564,0
1.7976865268495226,1.1241127199860135,0.9321915642603847,17.051929070598753,0
0.18676676447707832,-0.535963445114048,0.14488783309689118,56.1800772322153,0
-0.5707462937494763,0.36150352520610163,0.8141517621182666,15.773857161300109,0
0.2034636358672231,-0.8505204542093001,0.6897078052451944,88.2031995467712,0
-1.4137144969049802,0.10435593752321293,-0.9878733409007492,1.857118363487568,0
0.1292211819752275,-1.0097307047099375,-1.1119670257741636,103.69577557225978,0
0.5906548306923093,-1.0909664302151982,-0.6078752606758179,69.73938290292368,0
2.1531824575115563,-0.5765104007267194,0.8903831635197862,47.99984726871559,0
2.075400798645439,1.772251596669744,2.98525900260341,160.68324676437612,0
-0.04015795064434341,1.1260502507721681,1.5781180575621845,17.666190945233524,0
0.36659824609684827,2.056207129940322,-1.2995812369275976,154.57464948642112,0
1.5945050632249722,0.7153813154412441,0.45060341286253885,61.42675205466504,0
-1.251539424190444,-0.46531045678005334,-0.7309562757154733,18.39540068079712,0
-1.389572466763596,0.1733416643704082,0.4912076654119963,45.84597273639555,0
0.41343490322370086,0.42881650033057295,-0.8953463223630241,79.85423771649214,0
0.05921843401448826,-0.4036484632419967,0.6683404887180808,8.804520582092211,0
0.23561455810856594,0.9135846262332494,0.975816719344709,36.548858681878635,0
-0.3216350512173826,0.3904648499288896,-0.5865312695639355,11.520644010807302,0
0.17086543812794186,0.40981865692851255,0.3350580290841175,80.13696500504555,0
1.0318445394686349,0.21319662823768915,-0.4911537471421047,83.55136855348373,0
0.47897982574639186,0.2935579321666293,1.8709651753717822,1.2148930740427533,0
-1.3118362323501596,0.5225141052657575,1.3554428011054958,42.861631879595805,0
0.8177662992002871,0.9788580507817954,-0.8729610904537004,46.217791135539464,0
2.2909425725907417,0.05088770185601806,-0.6121669171548207,65.11906913898305,0
0.28586539072490497,1.2657078408647007,1.2468917155347194,22.095485961504995,0
-0.2817846088605072,0.8950383140761154,0.18142662011397137,24.17650634589187,0
0.34758170536167105,1.8998819348952156,-1.5355721232071058,8.349014240557615,0
-0.7677975651041284,0.8968393158655319,-0.9266983088473107,10.486433748166778,0
-0.6680904536430488,-1.7258067287905967,-0.23811043631205406,47.126988129455,0
-1.2767485758203094,0.1946074552372427,-0.15083771156669531,18.010223803736896,0
1.4511436077950417,0.541462728204788,-1.5178737466808094,16.741576163774035,0
-1.6694052811213718,0.7783610761666377,-0.6058608207588934,21.778401088064513,0
-1.3598561409799192,-0.8096035199216461,-0.838585798447231,3.4999232823866624,0
-0.30917212346863937,-1.4575514994649306,0.820344012612456,6.388994881696099,0
2.4553001399108942,1.41093237974627,-0.8330560570007587,64.61681843451471,0
0.4591800792284367,-0.1758858124323366,-1.151014083619507,33.29349595318489,0
0.12557645347154225,-0.2628908292082677,1.0706105599791862,157.48478650852593,0
0.010352619843380607,-0.8304444065565653,-0.9162741005637249,134.8308223448412,0
-0.18490213644298903,-0.4316203127180484,0.5532512199847837,83.0789704168021,0
0.8724573282801447,0.7479102561175338,-0.4242363333980435,97.4314046792972,0
0.3216978061960136,0.4625912928539512,1.4363354057059785,121.97800635492851,0
-1.448013900416244,0.6380511014407572,0.7682072166317373,75.26432533147344,0
0.44770856001731496,0.09798315347089544,1.2958717818630143,27.012273932976782,0
0.6487098875896427,1.395683810789956,-0.513196364513396,21.157287674294288,0
-1.5255251709247388,-2.5302875227463297,-0.41619440488525394,25.832206677789117,0
0.07682189106025536,-0.6581164890752567,0.4535087125544674,17.68947237067529,0
0.19655477651157463,0.6713400764504657,-1.5486182988637467,69.68108623132625,0
0.08228398927542419,1.0760071385985983,-0.061764199860128925,7.060145951758321,0
0.3336621052869483,-1.356581804623405,0.38961417737090387,20.426360042939258,0
0.1503017614618776,-0.6777449705248515,-1.5648027713620551,12.03958582359604,0
0.05194588580729943,0.1973157074055956,-0.7837535211244283,71.3190934446603,0
0.7708651938869668,-0.8031789506803448,0.9184544439424138,14.108030026485471,0
-1.3044695005048532,-1.0448091940210336,1.673452090298537,141.09227017926972,0
-0.9075636620415979,0.18455130319703697,-1.3810446031537749,24.161768470458902,0
1.5039929885826886,0.985729995679863,0.6979032725390276,41.89604160774717,0
-0.6819842479977986,0.19473619471877485,1.52100622715938,109.54831739603526,0
-0.15005558703252672,-0.01926037973439464,1.649480894323921,62.78524304898707,0
-0.7982972445384537,1.775310892609512,-0.9244659881295544,35.212508737789186,0
1.7547941819843647,0.2011596558728393,-1.232523314768509,14.175009940727593,0
-0.6231405264247644,0.7082144232565571,-0.11676591579524663,108.74494587831099,0
-1.556581898659751,-0.47622087354465903,-0.34254920085776497,33.068882825591274,0
-0.8756182533847572,-0.8874921778021001,0.49968511030293383,32.819354537865884,0
-0.46770120131189136,-0.32789471651291785,-0.5098066931908826,13.774752906947654,0
-1.1105758454658288,0.1684609762696143,0.19063559126502433,36.04728573631553,0
0.23878915902651351,-0.13427916218630415,-0.336254738681072,38.23852032951791,0
-1.0016200098949155,-0.018708756445897416,-0.9489165208248372,11.108431699845903,0
-0.40122047188583626,-1.4848979684499035,0.6687416555925126,70.01400752795062,0
-1.1290517712172292,-0.11806852699107874,-0.21804589539237385,66.3274216899862,0
0.47704082722312147,-0.8671302157109003,-0.6582484123338483,7.95935672216736,0
0.24938368371075526,-0.4363858905265686,-2.0870270186020687,21.449373171720083,0
-0.5535882417079946,-0.06613261462582246,-1.8831502080585838,34.89510536359083,0
0.14671368643332283,-0.20922187374452778,-0.23052462518025083,11.423014656553136,0
-1.1227220215622986,-0.22485598180807856,0.34980002456790754,91.27218178311617,0
1.8124485579969287,1.0010460925671412,-0.4853058353678683,27.884203958921567,0
-0.38455554422982535,0.6308116845547775,-0.2797601684958344,72.13101899608107,0
-0.007972641316617372,1.196631486645651,-0.9161919154812425,9.749281834062135,0
0.7003098794089914,1.7106133725819253,0.12354769595558233,58.826905354990764,0
1.0807807255546218,-0.8432465953161917,-0.29660745906979835,20.718279596100068,0
0.1866091231563581,1.598647170504717,-0.6677795564688862,1.8119501455745992,0
-0.7355299425897666,-0.1891203907770335,0.7793490039053323,6.2766012880686715,0
-0.7928728322623442,0.28257995048829965,0.271495310825648,8.876302587856959,0
0.5365098435704035,-0.46440426230938764,0.6654168236917787,95.54350962767269,0
0.57707212718054,1.884586305934609,2.9490944253087252,24.4456286545864,0
-1.295078772063616,1.1484457091967548,-0.49190244750620515,56.26671492511433,0
0.5583269125217224,0.10589445311523424,-1.0501407396021456,35.150932302417466,0
1.502357052096028,-0.643518230380143,-0.08343796979036086,25.599996218896067,0
0.013929291912946203,-0.955122579349353,-0.7341737987784958,31.908319232787974,0
-1.0372461543264564,-0.12094814860778157,-0.580053241370043,137.3946089939274,0
0.10643022769189683,0.4283070972076486,-0.8610879101735704,15.133859130711894,0
-1.6609609335159914,0.5514853760404675,-0.20447122098612153,14.286852989288443,0
1.159329803364248,-0.36682441181468756,1.5192839236417688,36.842104634789955,0
-0.8309501164110378,1.262584103427182,-0.20931381957936157,23.97861072654757,0
-0.07016571145864703,0.12320480678448567,0.38632331781156,5.771306646551917,0
-1.0700847663261526,-0.9193845915864234,0.7505791675217656,0.35033759673622306,0
0.9261775475316414,0.7223813578277714,0.07595526791608741,150.3222939453051,0
-1.485560373036972,-0.7519693317388191,-0.28487549336967083,145.70733988268427,0
-0.9043166251044086,1.4775300810552618,-1.9196731561976563,38.947654208016466,0
1.8314587658543537,-1.6135613978767411,-1.3659557112005343,58.448048745049604,0
0.597400069849858,-2.5623336587953105,-0.12951724686344077,69.0372311883699,0
0.39445214237829684,-1.169916835710288,-0.22979963057519381,41.73765997207439,0
1.0536417966078395,-0.30317978283427544,-1.3993061748019415,187.66774861734075,0
0.27899416222380197,0.01914777741575206,-0.5014021468856367,10.661107153887137,0
-0.6518361078021592,-0.08268068584269925,-1.2565068942792563,10.218445033475797,0
-0.04692057887918407,0.8250982646676347,-2.4883273534129895,4.200656300335847,0
-0.48712538376469605,0.9325908318730899,0.8872908372667421,16.448455459329534,0
1.0062928092144405,-1.024186824329205,0.7903718960517113,37.05402953920459,0
0.49799829124544975,-1.8019804375800197,-0.07159925185806683,1.3012693165001155,0
-0.19068240076334658,0.32674476460232005,-1.2693304965466992,21.666220404518967,0
0.3824097461840506,-0.6500025808234597,-1.0040545968420103,55.58684917512197,0
-1.7033824393551547,1.5284684264125317,0.20726732939894396,24.49190482470711,0
0.14171691363990474,0.3636318826249679,0.18947982122108065,29.808148693756927,0
-0.9885911071509175,1.2816437950037687,0.47347189903522846,20.776104476451934,0
1.355637858804951,0.06167984984797165,0.2553837556743171,9.863535276191765,0
0.2704568257798388,-0.5518581458924467,1.0729780477660118,2.8055285894074267,0
2.2524358053443088,1.5490201514951873,-0.7557915001583629,54.429738028983145,0
0.3773004930448522,-0.810252437014381,0.9242701395378298,18.943379691203738,0
0.24822058630033608,-0.2813275571182134,0.43295982536069616,3.993197868156231,0
-1.1033666061738736,-0.5041798310076715,0.22899639245934025,60.343131667104856,0
-0.38770155993598415,-1.0276751409259581,1.7041055162554912,23.033263889338016,0
-0.1903386780836082,0.41953244390702776,0.23940450053537707,55.77531266739928,0
0.8410085745421263,0.44525703030818686,-2.996568095784744,612.7780250633898,1
0.7011727423108983,-0.19102776260016902,0.5798572852951321,32.94706987231407,0
0.08658978747289992,0.14088624691120394,0.4818660617184915,33.01408915541284,0
-1.0676204293825944,1.301741289398798,-0.5358014630522978,40.648887250415974,0
-2.8485426206300755,-0.409282438113104,-0.463161362085399,20.998210401133296,0
1.3668742674445247,2.601683114180395,-0.17435425790283585,28.349651529765897,0
1.4437646040732595,-0.10594835430413566,0.7579218499236196,13.798559947031105,0
1.7553408424432044,0.5366527525272862,-0.9571509148950429,14.442744656237739,0
0.7077519354554754,-2.703232292999237,1.230874513154735,51.81266928682797,0
-0.4787486216634773,-0.7521564055905832,0.4547409121411344,81.07452027894016,0
0.6387302220291846,-0.8696630812746944,-1.9670697035871523,67.66760571219642,0
-2.264338711288744,1.090410565244614,-1.6630444696953668,435.01731145025633,1
-0.5769036556624031,-0.8848027140269009,-0.3920126399191296,50.774367207919404,0
-1.0041407667520679,1.6122206282554243,-0.41299782214343406,39.80437931239487,0
0.19109906801990334,-0.02640575695892703,0.4086073077017676,9.18500106074339,0
-0.16711808031685435,-0.5621680265783021,-0.7179188907476018,2.814377083401599,0
-0.047711356141979855,0.645215585950057,-0.19050310599781134,14.18192407260406,0
-0.37061433208610595,-1.7690759048891183,0.5517407999109204,5.819001164852889,0
2.4929995174327906,-0.4872285641135523,0.29815846599052565,30.40810144761503,0
-1.4084612963635597,0.324359281721603,-0.9483480042242007,42.44597115474032,0
1.551151975522523,-1.3471262895296965,-0.35976864578908574,25.20385781542645,0
-1.3793192280145272,-1.19363683175648,1.5628887685081978,35.439224238810304,0
-0.5308687729203206,0.8108082731597821,-1.5166425494207911,76.87073011258613,0
-1.331232953557778,1.192507512477975,0.7719201548366751,175.4521435600952,0
-1.0962750868952018,-1.1808128153088449,-1.2931415437586478,114.11717525227878,0
1.0941915184709485,-0.2523535021262876,-0.0635245746153551,100.65392812131746,0
0.918316606002313,0.49822174849678513,-0.099094300241269,94.04515398126733,0
-0.4937565831613125,-0.8192578597214978,0.446872500802698,0.3032700296193671,0
-1.5763921569842494,1.2389463529394373,-1.5473039889383655,10.950617157946793,0
0.5524899544171478,0.18474057889572446,0.10940847183297006,153.00832869321738,0
1.044160877069072,-1.7485319732381808,-1.167779551267935,85.81033733894641,0
1.4469778843537329,-0.1601327955666404,-0.1767741631157821,54.281901782994716,0
-0.525755021680761,-0.9730689408815555,-0.5260348426675804,4.497994544815265,0
-0.3486521344078592,0.8508979621679722,0.6102161695892225,8.818637500620277,0
-0.637739984251316,-0.09858813228426173,0.9153902755601617,5.972434847280182,0
-2.198805956620082,0.5008444749444569,0.21539650545628794,30.877279100668588,0
0.028318376130461172,-0.42930222451725997,-1.1306153349375263,58.61124828976646,0
0.40825275571447184,-2.172669546014036,-0.039307287627631186,56.82608340109486,0
-0.5138669173366935,-0.221253623585772,0.8113965544915921,32.4484952548964,0
-0.9649234605801045,-1.4218106667418438,-0.23040071420576733,3.202226218904918,0
-0.6469367777055739,0.8623934723827588,-1.0565576427602528,18.575542843636157,0
0.07331796718840389,-0.7517910500951843,0.21128369227947272,283.1268751802723,0
1.8489560949453452,0.48473281729447476,0.6515219913395057,33.06329560065953,0
-0.18398333635267913,-0.24125765461854246,0.3161559571827783,134.96909824771478,0
-0.056945623721067457,0.17958178193959795,-0.2634482160822491,25.56735766802837,0
1.40934744018558,-0.060660813814620775,-0.6497652268482671,56.61723016105115,0
-1.5031429531181062,-0.668144085538994,-1.1896666590903613,149.06495301094168,0
0.18334200573835174,0.3918040054025465,0.04977368718096008,6.707996070995724,0
-0.2030453860429927,1.543243528272189,1.2446795807367868,2.6252385343511717,0
-1.7025836042378404,0.8474216771504216,-0.1344967844017327,134.221862202735,0
0.03408346825922607,1.4196030045136372,-0.772659445270824,67.48145726709836,0
0.7858001586508322,-0.05489400061628639,0.9965705105794472,39.33234583213343,0
0.8303358165442456,-1.5625458568865427,1.0213832954293984,51.335913830304,0
0.7083564472993533,-0.620847598251116,1.7246966497611085,70.23704510181923,0
-0.33708597111803934,0.4215866106144557,-1.0753123930492379,47.93668871942185,0
-0.32034730819432017,-0.16306696394376388,0.543479378670093,2.202825002621114,0
-0.30777823495300083,0.5462842480036996,-0.6373077470287948,6.342866944466449,0
-0.6919080698812444,-0.2860042218801108,-1.1300693390403578,13.377923965883424,0
-0.5711789897827968,-0.7728776678236091,1.1356201471829441,24.987745740289817,0
-1.129706854657618,0.5820977034686158,0.9681846605328611,4.174826788535746,0
-0.2573765374233451,-1.6075598643689741,1.5163940552535728,10.660656375783343,0
0.22445181855997204,0.6354180302092264,0.33417641724489744,20.382552919678808,0
-0.24123605785632987,-1.2295495944524168,-0.5353350870162231,87.87477040994844,0
0.5689830791852754,2.0997217891665154,-0.37231905293792283,19.86621627042286,0
-0.8583577801812136,0.9503075919735757,-0.5923559556520536,72.59151300241359,0
0.25972250172148187,0.08840688629184736,0.02538842054241018,158.4398720715974,0
-1.1254890472983765,0.9039348410861953,-0.05020461704174478,244.74017579172465,0
0.5725827813561586,0.4070522871245351,-1.1062935124116342,39.324051441745176,0
0.33088023221445706,-0.684629825760004,1.1834936668899279,36.491640351242474,0
-0.483186462299374,0.8294748419317485,-0.9519184600222356,109.22630042230313,0
-1.8408742313316453,0.5131057981760827,0.38680852068920263,113.83890749635238,0
-0.24751863555150475,0.9528745472029388,0.34233783448962146,119.98382485218566,0
-0.05554769889661878,0.5078357562896237,0.06934433703625043,53.89495570383879,0
3.0788808084552377,1.2897527540827456,-0.43676423723821745,44.16987454458693,0
0.7090037575885123,-0.3431922754974105,-0.06418817710849775,33.957970523160405,0
-0.9393353938187543,0.6067230591361827,-0.3301200939664503,11.269487873151105,0
2.632382064837391,-1.616310608436588,-2.100026507651624,136.31876477177028,0
-0.57581824064468,0.02127157673606165,-0.3340772309799405,25.234940346435593,0
1.1195749114345768,0.6731813512699584,-1.6065771007386793,88.14072362234401,0
0.3801978510059632,0.0754336389015928,0.04351466864346608,10.094389980158063,0
0.820482181197364,-1.1057046684859357,-0.5482687949250771,19.345997580578913,0
2.2988981236192503,-0.7084067669104628,-1.2032008553891445,14.538657989522823,0
0.6218099622171964,0.5112025995249807,1.9870611116994412,15.678143550541638,0
-1.035242322419374,1.6073455760199926,0.3405892164004968,11.71217994501808,0
-0.09888965319114267,-1.0858251288851855,0.1480894197982762,19.139185224449946,0
-0.5302576183724408,-0.1671217137864115,1.0176614668435024,24.85784428303406,0
1.0490092258368893,-0.024195606390916165,-0.8950698422766047,69.28671215841588,0
-2.7747239291056225,2.463684184269696,-0.5156876219140565,524.3530204186345,1
-1.8362053731032966,-1.7785875840065168,0.44130715169924584,100.15036506594137,0
0.26739231407190295,0.6663125009092119,1.186734620177331,33.24103924119852,0
0.12810441491078928,-1.7730324682068814,0.8691545924968965,19.31263908410264,0
0.5697672802322039,1.0857863249393471,0.09806753953894455,17.22045763737056,0
-0.4523063192490767,-2.1356742139786955,-0.6039806259692295,3.6573406580656704,0
-1.1978778925888485,0.7348777860498175,-1.326472128311083,40.188982631469216,0
0.8723206367206782,-0.5462444482524828,0.5006657213812097,10.923083715377214,0
0.12200981464536144,-0.16882172319001063,-0.5057467042619367,25.00708965940357,0
1.2065089665083568,-1.6834381922209503,1.1797252083607102,27.123997473157786,0
0.12029563171189886,0.032004149065766624,-1.1165244399486591,121.14686572842845,0
-0.1423794850212935,1.5615111967268527,-1.7073579575929467,22.206782024312567,0
0.5931012579683838,1.6153756894694418,-0.6578345538521371,1.1411492965000414,0
-0.06607979864731657,-0.7168223206028049,-0.493122822399772,49.12830995511572,0
1.5475052013300616,-0.5487249077409615,-0.04889718347410554,0.5386559961795686,0
-0.20358036010236177,-0.6475418056351592,0.42544486418417227,32.19585623343909,0
0.19652116970147013,0.26912694124510733,-0.19469729611668168,117.85153543676272,0
1.1870303055603801,-0.9020515543575104,0.14035986984804696,48.80341330162804,0
-0.22096959953322298,-0.651356893791829,0.5142547560178349,38.856763145234595,0
0.20768768716311115,1.695051040430753,1.5730197252148563,82.72864815043216,0
1.4415686206579004,-0.9594392367234797,-0.6122367345077503,8.91847432997235,0
-0.8946073022195039,1.3404504460231446,-0.19646658342809717,7.384415541095351,0
-1.3353443587101013,0.7421274910718922,0.4632885301181062,93.5804781949586,0
1.6391168054440675,0.2658782296520485,-1.8800100339077637,135.05449163326034,0
-0.7699732310586418,-0.6004235657387051,0.8301918118626102,33.181165307975945,0
0.8836599374866724,0.18384954475369486,-1.3354815690998914,24.073333535811166,0
0.5298041779152828,-0.22648409884983192,-0.33130838318332273,29.154917046590196,0
-0.5756378262377739,-0.1044492185374715,1.9541574337502863,168.54161794382892,0
2.319329539981694,0.8868873900973003,1.0074439731951985,43.09167572435212,0
0.9817654869915943,-1.2391070756539009,1.0487071264165635,91.34851765064849,0
-1.9754665663538713,3.109918556005361,1.503419828428999,18.53084928372473,0
1.3800913541474515,-0.49163618563204736,-0.4711246518178786,17.826432945840843,0
-0.6115178029919482,0.36728731340134063,-0.35141423571373254,70.94922978741559,0
0.5296927543567308,-0.9980606273144129,0.03003147916408217,52.30330982140459,0
2.403415585238275,0.6704806172412126,0.7751554940347831,28.43106479415647,0
1.8820244964750337,-0.6459641791245353,-0.053120653017545344,80.26183029095837,0
1.2784518626072987,-0.5924642591528942,0.681359510442948,67.79645081047452,0
-0.5227230205190395,0.40373009033660945,-1.1755946056248516,28.07730177683868,0
-0.8397218421807761,-0.015309849172995557,0.6988284202025348,32.55144406058838,0
0.44426331148603976,0.5467335682013793,0.9022771737866472,39.98449535949602,0
-1.1430049127304835,1.1254347844147694,-1.1171864617070024,81.76274405433674,0
-0.8498443694647918,0.5159392177040995,-0.5647740041709423,55.49898272229316,0
-2.4716445001272893,-0.372206776071053,-1.085150526557798,10.195182244455602,0
0.6223349956052489,1.8747208453455302,-2.5384850198983293,348.10891749099324,1
1.8761708392158862,-0.933267959073196,-0.8627757640431206,39.30095440814525,0
-1.7101683926566256,0.4891871301476635,-0.3020454994898642,0.6979556282118813,0
-1.6685840738775894,-0.7627247785662142,0.6021183203924835,7.892434912818771,0
0.0438114719791096,1.484116028535965,-1.1967886464263116,81.78252330108548,0
0.6060099513456396,1.1876793884615637,-1.3671378064602457,15.653249856366386,0
-0.03955515385665504,-0.6117690909052854,0.19502498402812674,72.33427746598923,0
0.6078965097165392,-0.25879606266710237,-0.936506374789596,5.860612365967521,0
0.22391413406466143,2.0236062192296393,1.3286408282482312,63.51367952496542,0
-1.8707919210258557,0.7660802783846903,2.0565435648295414,2.332842856698219,0
-0.2811002928859549,-0.38851845308888583,1.7473631979155582,16.716627069951087,0
-0.553649305347182,0.49097495163825133,0.39069592092814415,3.0175148155967104,0
-0.7001208149391732,0.3696421921980939,0.45768658605355206,24.863470839257833,0
0.7175422557959623,2.165002344901084,-0.6500239344068982,21.90421042184496,0
0.8773622905756714,-0.1512732836535117,-2.9911359709007233,0.6658546538187223,0
0.6962063648134184,0.8527736751222195,1.2748750412787222,55.31494222334932,0
1.7495767431869393,0.5885532697707198,-0.4159669279473586,9.091403749788478,0
0.02975613949574519,-0.692420979873856,0.6227112239002686,145.0429863662897,0
0.09933230542922587,1.0240625258114624,-1.3386057997232488,87.53302920593066,0
0.3840654489393073,0.538296079049633,-0.7217375533372533,29.172810626817515,0
-0.08071658010858232,-0.31607285602704976,-0.8567720938267928,151.8928043359221,0
-0.4397310582741749,0.11502607914741717,-0.7465783465402389,19.93609110129775,0
0.2544208433012131,-0.14760258629866868,-0.25495579355369785,7.851798973052822,0
0.8231705839619146,0.29875290836568624,-0.6067002947652967,36.65802467038247,0
-0.9221653241776254,1.1486373494287152,0.08568716140335904,13.51988189223256,0
-0.6373871273065177,0.9531366339132451,1.7388513518533313,162.74668279520355,0
-1.6064463202575725,-0.20902325728602528,-1.2922626951056186,49.72519996224426,0
1.085895565831578,-0.5975101946916416,0.2314459225255723,0.8078998311470881,0
0.2237879516388985,-0.2500465145989528,1.6259589153620633,54.4053208021805,0
0.1053755061459599,0.9873345165891019,0.8419836954521269,11.896736551684729,0
0.34272534637770413,0.25373966149457344,-0.1755639454992155,10.358851762558428,0
1.4799441388900259,-0.6097829043193822,-0.8318222082304447,64.0185917276706,0
-0.9555404406004258,-1.2242982362893657,1.3814540786904865,32.39328945969932,0
0.9843223984765838,-0.21113023882769444,-0.3596296724524624,88.2195659983044,0
0.5436001545944323,-0.025574312191994436,-0.4511588584089988,9.932221514339053,0
-0.2489641484790735,1.185704154662997,0.34378788154988543,6.417092083205719,0
0.9638791167949097,-0.31305803052315434,0.8929538701087693,4.439718636719816,0
0.39331783939437187,-0.42076179368105326,-1.2549226680022925,42.30408628003247,0
1.0291556373256436,-0.5353281859539227,0.33385996656853467,289.6211347018033,0
-0.42688106994742003,-0.07783719701280203,0.058022734808395225,26.877183660043197,0
-1.1246420918378692,-0.6777153697521061,-0.5482872964906009,2.9281616538810593,0
-0.037634702424848364,0.12637957954641182,-1.008554684076208,4.5941559826507525,0
0.2897748568964129,-0.027514905050636255,0.17521141890851205,40.80798180319574,0
-5.000443722893872,0.7847073092530548,-2.0716705529652693,501.2828643543685,1
1.3641404299738442,0.006799844559997769,0.31318447386498,133.0811433556138,0
-2.8962553781936893,0.6012067489291149,-0.33286040438251124,31.277822441201366,0
0.055724912288694604,0.3230792731160291,-0.8000385643976464,81.5242848016774,0
1.2557561255735208,0.31917451041918043,-0.5164296438875717,98.81467017064018,0
1.6839276914578687,0.05993263026632825,-1.907807557877391,50.48137477576721,0
1.0915068519224618,2.589563642018614,-0.47949296739924335,66.4060249869231,0
-1.280429352496283,-0.4646172972983931,0.8481742126666681,11.072535305364733,0
1.2187618516973167,1.7952113559123222,-2.4878086565350794,10.169789661595642,0
-0.5767713305683327,1.5421099525678756,0.30381859560487573,12.188540500236044,0
0.8816397569494505,0.4446026682201407,-0.6905410523162594,176.9200605080883,0
-2.153390113603715,0.019616657693989903,-0.28313889674376713,6.5880689046928325,0
-0.7484865365565536,0.1846803058649084,1.4484992298929262,56.29859393851313,0
-0.36361221221385587,0.513907849658915,0.0953441994413082,16.65380873313557,0
-0.006070911539893324,-0.6757080791616118,0.6386601686431024,32.89067558778896,0
-0.863990769679816,-1.7608088119807759,0.03793783544760203,28.978037112440358,0
0.23421473253652075,-0.8911922254152874,-0.8484286341908146,35.78126030314907,0
1.1492733262856758,-0.9273531341905741,1.9625871905307948,65.33901436091264,0
0.20838280794755248,0.5935567222808619,1.205994516546816,136.51135311510126,0
0.7129984301723881,-0.022868062298882122,-0.7847619081277034,9.582805450842118,0
-0.759132661553698,1.1965715016644913,-2.1533429198712444,2.9358768793481183,0
-0.7539645888666763,-1.2601647651725802,0.041325632270618466,45.47970749700628,0
1.0098170893426341,-0.573601772896901,0.2514736089405121,189.2338986460617,0
-0.06259312789952241,0.23070090571868349,1.494938227453236,84.57183384991586,0
0.632407739055521,-0.6540756831274238,0.5628808601743548,13.212907745905905,0
0.028744822934817487,-1.234348871879922,-1.1022921498364233,92.85632827085458,0
-1.1583646891925428,0.08958068125524882,-1.1476913898156673,9.244843851385582,0
0.046980593764742055,-0.6057149230033384,1.1126883749899252,31.384977807308978,0
0.8356921120651418,1.221033695525353,0.570612997219531,54.908915646415466,0
0.6543656563540577,-1.072139011985607,0.03823799496002834,16.46694390801953,0
0.31978193414253697,0.15175799224874037,-0.3748220566218061,41.02002026184067,0
0.39922312260527926,-0.7691423497872982,0.07203686128374476,139.08279692871957,0
1.050654396007612,0.8178896580250287,-0.24852861807444937,78.97821368013676,0
0.41379909745149823,-1.2932729578711637,-0.33078922432755736,20.356514221109112,0
0.751387123371789,0.5925269492011831,0.6929186230316111,44.33665272312192,0
-0.26888869055483056,-0.643549832317462,-0.20149153394751798,22.14365071763801,0
1.8009404329108156,-0.029262813684978354,0.21471318317052634,3.1058431806089413,0
0.4400144500533324,-1.801057734152739,0.5082686396745896,224.77339135588926,0
-0.6237689606958051,-0.4532484090230134,0.22526411724754952,29.426065689005444,0
-2.123895724309807,0.11958036841415326,0.49201884799279927,38.976056681816296,0
0.0773683076476183,-0.1340171666729177,-0.06717829004935526,2.0559727075366543,0
-0.3748208075495975,-0.5047749212282174,-1.405567019178642,4.7937265009403305,0
-0.7904744554453119,-0.18289644110484016,0.3721054726068629,191.33969282322005,0
-0.02435459226098284,-0.7924199209999613,0.7324921027798023,7.61090612731614,0
0.5999287299962045,0.8876554258738361,-0.2880388739220764,56.41210266796739,0
-0.4118769661224674,-1.5947030672667954,0.3278795241593574,3.2024742744328525,0
-0.12791759148076653,-0.13845598398377382,1.7495839042054206,4.179231304027108,0
0.42545756178496474,0.28555407485765694,-0.46649537922819795,4.052722444364123,0
-0.6810516574748808,1.2619215007139917,-0.4555395260238707,8.973491936835556,0
-0.7968952554704768,1.088748619704186,-0.8254105299789551,11.300755336683302,0
-0.2549772174208553,-0.18714426500454878,1.4033699701251907,59.36449035572362,0
1.633431532301096,-1.1894118928673278,-0.1858457521927473,93.22929970591488,0
-0.4281151609659125,0.8743891807127275,0.1704637709965709,6.576524538653421,0
-0.2590421458207031,1.42274813609994,0.42548993324023027,10.874105401548078,0
-0.6255627015095294,0.8071225966373103,-0.09363618873917084,51.47228148503714,0
0.9495541354413237,-0.005596018829046555,1.1008213984226052,73.28011245991459,0
-0.48943944251822213,0.793488720552213,1.4769344261182744,10.889933042426637,0
-2.4486379417562096,2.4862469170257864,-4.643279083268343,236.92698631709368,1
0.7116148780888898,0.4599721429391164,-0.15589817793666752,18.97328830616646,0
1.2130976999791834,-1.252393444413119,-1.2804555710024668,2.037065126492444,0
-0.6626237589458467,-0.8181988834223072,1.9925153531681183,40.44889644718621,0
-0.6734906242438685,0.42588720619303577,-1.466785190615677,44.78973206920344,0
-0.8604133652839524,1.513449743242131,-0.2789629303318085,46.362442632842104,0
-0.5993926454440222,0.5792914996010884,0.4209729443893898,44.04180324119707,0
-0.5176112990361714,1.3924653000643288,1.904136589573007,3.8097263919445443,0
1.277676821898509,0.13653533108273744,0.501782736167545,60.5511220888673,0
-0.6134026635409398,0.8389405004696122,1.676393027208203,2.058490882396365,0
-0.8984679817910373,0.4620608932518965,1.9412174364637491,40.960257788272166,0
2.5269324258736217,-0.1343087414705478,0.29562448874709507,27.425702509846005,0
-0.30522470435466764,1.4015985929464294,0.13429649724779288,43.58039330275023,0
0.4924512640081491,0.44194064956940904,-1.7762463334664518,22.547934281565507,0
-0.23093453020867796,0.0678555105274033,0.8970661968871322,21.959316873494192,0
2.076747983560841,-0.10322175293249623,0.224216404290793,67.65576782451039,0
-0.5816809139486437,0.7441919714999368,0.22228985580085406,20.49801438558754,0
0.07156623721939247,0.7942646796218271,-1.5859833122379583,33.6323453271286,0
0.4919191715065057,1.7117084801423434,0.6170059495766975,2.1234049223217104,0
-0.186971302985446,-1.503080301759818,0.5540577711159071,26.078872281344022,0
0.09612077694098337,-1.5047203740310022,0.8953554307625996,34.7153243578947,0
-1.0651136630753726,0.4183982208886837,1.1701987091966037,6.740342991521535,0
-0.7783047254023127,-0.9745293046706415,0.6124687940136023,30.672324616451736,0
1.0375399442578992,0.46642998243352635,-0.8682927318763665,9.744951455235421,0
0.005243699718183166,2.1573082132655035,-1.5223591862178911,51.21684365473224,0
1.5307508323436974,-0.3206676255571917,1.4185313451480366,17.902817713168634,0
1.0143700650181304,-0.43548637056984335,1.3289333195354096,13.13847276415242,0
-0.03468488738678118,-0.2685306479058323,-0.03143917037477642,63.716902029891266,0
-0.213442870930208,0.23007075919140207,1.2769653860881878,70.62187429746099,0
1.2477420726737338,-0.6619821777966091,-0.752435237353035,71.81880019041758,0
0.3465038817307158,0.15519068385897913,0.03444101170584135,24.453797115747513,0
-0.7019916878067554,-1.423957152450145,-0.3899237065594453,38.01468515320969,0
-0.42098448082026296,-2.8722622132816493,-0.8514064342603136,105.2004483715477,0
2.1451491277733883,0.487872284871074,0.5156280884439565,48.82587024818461,0
2.2105230015913513,-0.0007085945766459172,1.8296202017160872,28.6568669799841,0
0.6585442726728304,0.9694572005267368,0.9514492770580866,36.75514058943361,0
0.14866745720211155,0.6659242520544614,-1.2070216478572156,12.79557729516671,0
0.440474737960399,2.0895387216947734,-1.6312758154609455,54.96974686168278,0
1.8466369960476658,2.0740826697499735,-1.5171736966716791,21.200264949748576,0
1.490726136849952,0.49774308909139425,0.33802348110170816,32.13771943366735,0
0.048084946661381994,0.9553052085705107,-0.04541121793223822,26.73381245644393,0
-0.3164084496948019,-0.01208894784605456,1.9114190871397234,27.384216618061018,0
-0.977555244798551,1.2083662305931424,1.4532606633210343,85.87554531024689,0
1.3842728185105182,-1.6009039784765156,-1.9093560875072928,42.61456467891168,0
0.46950382808959024,5.259284262225597,-3.1662188404186313,599.0166238959289,1
1.1055259329579838,0.3764095260975166,1.2005316584738726,141.5043858842527,0
0.5765569630557664,0.7533416211045325,-0.1314725956716678,140.31231299839462,0
-0.4776574467651167,-1.2542894231692494,-1.879924385139045,26.84504922951864,0
0.2606737658239071,0.5054701591666269,-1.3971181851129912,22.510205747250506,0
-0.5305011476105275,1.2382830714336357,1.1243533598705027,119.30841514617269,0
0.8339221545489041,2.1709427174978138,0.241321934916781,3.2232636458293316,0
0.5597904479310398,-0.24606248812994858,-2.529560077694303,23.634476887895328,0
0.3649610024662254,-0.07576428653545988,1.8180619225578247,20.916047719541602,0
0.3520553965142968,0.4966992232365217,0.35845361820962024,0.029905883575644283,0
0.015579047581467534,0.54711911517521,0.3614173172731029,32.22740798921673,0
-1.4643748802098202,-2.0038623644067535,-1.2417605754816243,3.5767838470214954,0
-0.7563507452843033,-0.5805234498047227,-0.5029747705513431,76.50120705942749,0
1.1792971840638264,1.2004139079444254,-0.413465161123276,30.27363692319362,0
0.5009171876243808,2.061503576636398,-0.23086637384476896,2.478565789507593,0
-0.6269670577877674,0.1895816165987434,-0.742484232538384,18.712112949002623,0
-0.025026958745143917,1.7388996637975789,-0.21566763754763232,23.659327852463406,0
0.32692737376416264,-0.877982586756561,0.5555126463422483,4.016461989930947,0
2.1422703586118637,-0.3079615296390403,0.28872366282502326,72.09370327744139,0
-1.4026052717996935,-0.42924442029866183,-0.09662367001488972,45.887489412362484,0
-0.7542758500193579,0.638391925608383,1.2189707897936632,25.697882107342817,0
0.9592708260852069,0.7591551603026468,-0.3570292008066094,29.262527747851664,0
0.10420110395187607,0.020886488295961788,-1.7312013034449254,19.863154680455146,0
-0.5993750229537729,-0.48791140814570266,-1.3526702858435344,22.692537234359953,0
0.889630795623437,-0.796025856803489,-0.24149744587077882,97.7750589072291,0
-0.6514180036144483,-0.026521259249060063,1.2637066776546686,153.5579410874071,0
0.4810092317367132,0.020793707675407894,0.2806364044901364,25.485693782618824,0
-2.650969808393012,1.1873860515647512,-0.4430440211284823,79.5415081360898,0
0.21743287317972287,0.30047435961082836,1.7025146581296056,120.14705925810722,0
-1.0212328171307132,-0.7877837519082389,-2.0841129394985884,216.7416792160197,0
-0.22096417382966393,-0.194908280352681,-0.18689615816198485,35.849504510877885,0
-1.9982006845321076,1.2038844371688162,0.20438903160297678,45.494220136248835,0
1.6725723868377034,0.014273067836434106,-1.6566232076777738,5.611444314044407,0
-0.12578692009964815,1.6246784584695606,-0.20298063739565708,89.37197269513216,0
-1.889540730945531,1.3744380931708173,1.472670675750982,6.610671744528562,0
-0.03275327021599839,-0.07964139124571515,0.08382662792936094,21.912215353974535,0
0.620672097550678,1.3149144535840473,0.8539759765522237,69.57115942969321,0
0.755391225825756,2.006092888159123,0.7215625051261435,29.221576118598264,0
-1.3230897934074983,0.591814133741378,-1.2094769354188053,0.04719302819514585,0
0.3934853854217496,0.513085420097293,-0.25885440036983165,79.58986178905575,0
1.2276689924732922,-1.2111719292807812,0.7356219972457467,28.031395544308076,0
0.27902152577033923,-0.3700110298821277,-0.9096834169818336,63.41989784111247,0
0.8335289616089246,0.7906255991627686,-1.1780408673763807,47.62002620964084,0
1.1890165311075518,0.2871241652018242,-0.3212427661179117,56.84103637505,0
-0.23894804686640975,-0.5642475986573886,-0.7859860326349823,116.34556764170989,0
-0.05023810944913695,2.5581992856682523,2.3638724946193608,45.74722438072682,0
0.43004164719106963,-0.5827586576115821,-2.049941278577478,107.91502946636452,0
0.9190764829877686,0.6793732829565033,-0.8810683366612923,129.27512083135065,0
1.1081828167375165,-0.5505368494915835,-1.514470309180767,125.79388563121465,0
1.7275431701007113,-1.8936146669537857,-1.6548874362282961,5.752730898596464,0
0.39913611435207086,-1.3459796802467485,-0.5388418561927383,4.25474757685511,0
-0.42018681709585726,-1.5811907020321334,-0.4561208274741882,94.55623958741025,0
-0.3609661658190799,-0.23893209916969432,-0.9077561801469204,26.158873418563346,0
-0.15567723539207948,-1.7684393655628516,0.547264797377967,24.126819898719315,0
1.6871416350725648,-1.1958830620351844,-0.7837656655863965,104.02555311912374,0
-0.8353470532597573,-0.6414869090443096,0.9753124584779789,54.93346229838425,0
-0.6526239793023909,-0.6537663386488198,0.9553005582377528,6.533794356954463,0
0.04852162794482699,-1.5256563145700948,0.6833289928110694,51.63512938618986,0
0.4865016438262019,0.2502002062516945,0.8764556455029355,48.8425669370165,0
0.8711247034316923,1.66125921454787,0.3674816654743044,2.496019672895963,0
-0.4461834332147797,-0.5956612940434921,0.8760467925297942,50.38011148725333,0
-0.24574306408594432,1.8732977762175456,-0.6243453897132241,105.84740886727491,0
0.19808476076785494,2.062524919243145,0.4572804046152411,42.231879620659015,0
-0.7031764251258874,0.23836898273478513,0.0036956718478473255,42.79043230004657,0
-1.081548003614395,0.3946715298229811,-0.234407800316322,6.639203107611319,0
0.37114587337130883,-0.4888494217862741,-1.3510743662080213,25.357738557287963,0
-1.008086310917404,0.30179189981946597,0.606850593215671,51.86252842440848,0
-0.4622752887050425,0.7600559636896026,-0.6315777291653314,51.884097681837794,0
-0.05558467091045507,-2.9213504834946074,-1.4485914146335441,21.534365538578975,0
0.17770100093325383,1.639964529371393,0.41486550036191044,113.64902787360889,0
-0.29027454418865134,-1.148794035158656,-0.712220763649051,2.8933370772913336,0
0.32135721545027307,-0.5441140021141926,-1.8179792253871547,69.10777706523328,0
0.609138120907177,1.5111549302473475,-2.025807873111377,92.89287130413297,0
0.12522450264790727,-0.19003903500149447,-0.6065033882157397,37.49518681013277,0
-1.9937356425714554,-1.9701038177118355,1.667224111551137,13.499297670397967,0
1.5231240772696573,-0.78489831308224,0.6820520657126199,36.312793627908405,0
0.05963036992017413,-0.6267172245899651,-0.5289777080640152,9.170099370718935,0
1.77080063563551,0.5010941699398452,1.341475915530881,35.1049506125729,0
-0.8469613483183278,0.7181857257079345,-1.869816339532164,14.52917236831758,0
0.9640871682883573,-0.5132135664715852,1.279464931657751,39.449431642658354,0
0.9980101098596522,0.0005279588565972928,0.31745326125017514,14.857180746479342,0
0.1920491164900316,-2.6042138566271342,0.1847104747810833,20.20530351400584,0
0.18186625505849516,0.7368438970924334,2.4267164863455224,40.45392445534944,0
0.8951932200277323,0.7250957868479971,0.35250496835687956,67.2517159096781,0
0.1335409047822823,0.4367385517335095,0.012499321907250335,5.6373653774398695,0
-0.05761879703358539,-1.0718572330401555,0.5530400858523584,94.34916819182006,0
0.2811914239693758,1.6614701657280182,-0.03757064497948127,6.356511128522883,0
-0.7859894605079495,0.6802161054504494,-0.17280173739646437,169.47475271097957,0
0.02688583899453078,1.1337700968670645,-1.6304732437151401,73.36276672151887,0
1.628396623128538,-0.24702570074599667,0.4373131870389607,66.80524243554146,0
-1.146345393018688,1.6426729532559634,0.3099989831655551,25.130749329227054,0
-1.3516846056163336,-0.3493167961181975,1.532367724678116,26.439520851583854,0
-0.30246968648812833,-0.6172531865469232,-0.9455068799427312,19.73889012717029,0
-0.033126972873797095,1.0005823180429783,-0.24338397937501807,202.96684976046615,0
-0.15800789857898942,0.883109777147159,-0.04282338131157488,7.540410580589977,0
-0.9896281365703375,1.5805406865683735,0.4322629506341555,28.136352728059187,0
0.22213377163371284,-0.30920907704986345,-0.03361256470371301,18.702976676938576,0
-1.515744114997232,-1.881849045497639,0.8451579711843216,7.4977953060421765,0
0.3112501545435361,0.38115838488277776,0.8260471714415063,70.35212972685244,0
-0.025554070991445278,0.39241596717876703,-1.5193460754768424,31.653499900349047,0
-0.9787637157823074,1.1647393544571714,0.003375506597160999,45.7345662107091,0
-0.8036745679697308,-0.4700421477595015,-1.5350402475323597,21.309086307366172,0
0.8406435489887241,-0.9057323008626189,-0.8892408282283243,76.43010617979017,0
-1.2257656630023412,-0.26451484131061076,0.2577525401427507,82.58289084967905,0
1.6654744444625766,0.7094518171390395,0.6220699903060487,2.5236770260244765,0
1.3573493467451323,4.702145784826278,-1.5633125782906416,538.1309612264785,1
-0.6629009175509482,-0.2666523292344148,0.15805348992013185,41.55344844754279,0
-0.4442932600761116,-0.7345915767980492,0.32782117284308526,65.2184468947754,0
-0.9913923494563072,0.4384757388097273,-1.1617838439123638,29.59513840544568,0
-0.45888426286894,0.2773769379581917,-0.8603850107795019,21.999549294118882,0
-0.5245202662797737,-2.1218548990085946,-0.8476339286190848,1.211881900462518,0
-0.6891878180895679,0.7083038472010638,1.987275999230808,2.031279828179502,0
-1.5702247198904564,1.3736585451629577,-0.5309708978119645,11.07172649255106,0
-0.9206735930793662,-1.5642416117110514,0.6952029000839993,42.99645561570667,0
0.99626681944714,-1.345870923473215,0.058984221589597374,120.85843649551245,0
0.743264094022715,1.1096998419562232,0.7318707042882956,55.2631977577511,0
1.3454200461549777,-0.7991920066502536,1.2235688824186275,20.337750546744758,0
1.9140313538667861,1.4524675344707454,0.6927227551168594,33.57402051931337,0
-0.24717738252059693,0.655900776529761,0.46667098196608103,85.63582693298919,0
0.6408428612670098,0.9475264621228578,-0.23655528721894603,23.66476652788393,0
-0.05429486651781221,1.281016361735113,-2.205566057099069,11.679609309297986,0
-1.2795769667357015,-0.2595466775839172,1.090980425185967,14.798584458301168,0
-1.4066610968482223,1.8381836767951225,1.5634133588321082,71.35697299578956,0
-0.8560838259088672,-0.5290526773462948,2.088442772869925,26.44853013599927,0
-0.6095122021592831,0.6504500925361392,0.07959786237603639,72.6959541128578,0
-1.103589317215771,0.5576910607251245,-0.26764109089879357,101.87648602969111,0
-0.998354040738791,-0.7191533192424201,-1.7858664919341112,30.89255569982458,0
-0.5449190868089497,0.8712972974572442,0.26044226333355597,47.78027384912371,0
-0.1769472274940494,-0.646227309843803,-1.703871586826719,105.97761726074084,0
0.6982233136135899,0.9531250453760867,1.223083067095325,34.992996094557164,0
0.27911107205093844,1.5992948444116721,-4.10280155214487,448.5217325085258,1
0.8384907744516419,0.0341524174880246,1.0581183250871502,70.89473372868666,0
1.091310120594269,-0.12754912037753421,-0.41790954576589057,28.803765409826504,0
-0.0036025390905684044,0.5556044660034485,0.32405702822156063,98.17914060771102,0
-1.1875984190295128,1.804348109786743,0.9784221120280351,46.12413946485956,0
0.594754341665286,-0.10325476014904739,0.07268052432934134,52.272236948028784,0
1.3173940656343257,0.8004095252276823,-1.9122549754197768,4.5754283539772524,0
-0.6929051977959073,0.46217266608194285,0.6082461916849685,48.01137694201848,0
-1.0265152994110602,-0.33381948975600995,-2.120700152635066,10.528356423145457,0
-0.07049877805909122,-0.3839712719523516,-2.1523835446091804,114.75511708146917,0
0.650201177958661,-1.0727430257398065,-0.5698329282387588,5.121955677309854,0
-2.499405714873573,0.16476084123651674,-0.4835614838465371,8.311260055428344,0
-0.06267909727317188,0.30740669780910074,0.8187776437548606,43.58220073750817,0
-1.244654703311417,-0.3670278390833223,0.651136241823657,32.226410872873565,0
-1.7397137787780996,0.152354872033722,1.1539007342557472,1.283770737638887,0
-0.7632591565425169,-0.17018462252492844,-0.5495571359085801,49.91013744319404,0
1.1087035805829077,-0.4108142879545848,-0.5391227031489786,35.961699315594636,0
-1.594427658794367,0.6779258713392691,-1.0293715081820716,65.50774171064458,0
0.04643654815614881,0.2801611588196068,-0.3078084711388841,6.412330583295656,0
0.047398671316414016,-0.12174750838328353,0.8132051867479773,3.071812101437328,0
0.4241659464019164,-0.7449026448064491,0.1998104337187135,9.867390743107393,0
-1.2096410186912054,0.7307641190665245,1.78179890877106,3.8924472283941136,0
0.6337768809320985,0.7197579421481819,-1.1036698285303692,37.60841860176812,0
-0.7184072655691974,2.0243096232868525,-1.317131919946585,175.02691032642315,0
0.4746982328799528,1.4223698616985077,0.6464895377257707,165.77647978903974,0
0.9163276747024814,-0.13944627568099954,-1.2021495260760888,106.38755849505417,0
1.9647251329163893,0.6628812686674127,1.0473177066214483,45.22178070501361,0
1.5655240292343404,-1.1939250063990554,-0.38502181171286365,35.55477156091545,0
1.876795812558066,0.6931056072631441,-0.4081008391602206,56.58970922056745,0
-1.0534155631736561,-0.14778031881747153,0.01840163078343813,162.92078122504407,0
-0.5640786307367284,-0.47209057769712737,0.2873289044030093,38.6522843543021,0
-0.6716233679380516,2.7596600389110777,1.0383788510193166,11.41331131411435,0
1.453384477117701,-1.5841359430054898,-0.3519213178165091,2.7563364477845607,0
-0.44643361455052827,0.5609194479412387,0.29219272832637316,258.6309773195701,0
0.37405656984757213,0.8925973382993092,1.5232386217122582,33.03381414942359,0
1.6764373122752827,-0.20367375017696587,-0.9263811299815384,17.592365228022988,0
0.1848361236948739,-1.067802921579193,0.885231482988991,76.13799711270445,0
-0.32483138350862245,-1.46752526575244,1.6554071130882952,39.99882307589983,0
2.5600845382687947,0.07005216311318138,-1.0589075870566005,7.004345865100578,0
0.42192075423528475,-0.1627929060722942,0.7597122954841684,22.07916146263214,0
0.8949243769444413,-1.3631740045928105,0.7760279138434754,65.02990099882649,0
0.6327818661062848,-2.4242402602729416,-0.21701705042437042,7.6900027754225535,0
-0.7730097838554665,-0.22476540189268354,0.849102110743144,48.27046901619814,0
0.45353430151397983,-1.0021874557814727,0.41960997202411815,10.315538839664775,0
0.6351718016819695,0.5161782871149584,-0.5703513664136806,51.857192641394455,0
0.08182935854756501,-1.0872459388628026,0.3676198402097109,16.5586002765583,0
-2.4238793266289567,3.1377485336599937,-0.22954865536034708,120.0813383357463,0
-0.13958962815517376,-2.296180953137238,-0.5293321124483709,68.11037704843596,0
0.21915032766393897,0.0064222698109378164,0.45838670355148425,35.912257890014224,0
-0.07160125941406395,0.9653974845911707,-1.371673697230466,124.13893644023844,0
1.4765403497258958,0.20965941527462578,1.0826910538870733,13.556543794021753,0
0.213979910734222,-1.2968319479558466,-0.04347694981386243,21.19272203863632,0
0.8534155587803077,-1.6431888111541673,-0.4114931445621802,3.5447720063107564,0
0.7276295436369798,0.08865759096143744,-0.2885486958757048,23.267305016637415,0
0.24380071377119883,-0.1681438185847896,-0.28744751940035557,14.291182327326565,0
-0.5624667758942676,0.6778753195309076,1.6850142787085094,68.36671084061066,0
0.334456789987025,-0.8661748482145009,-0.062004009366031745,21.08670805737301,0
-1.5341141707356223,2.013387247526623,0.1600182258527877,72.73450973382178,0
1.3538723741654128,1.0399046873960764,0.14338846734225108,114.10741444139767,0
-0.1730718242838696,0.02246589281204638,-0.7296024698074095,27.852645215486184,0
0.04886007032570433,-2.211861911329507,-1.1543626682329844,6.465757417544264,0
-0.4080753730215514,0.46877425607502377,0.4826878872092127,10.245345855551026,0
-1.382799730964336,-0.43745830032341043,0.4720022709192744,82.95111661685223,0
-1.3202332070206422,-1.3719011429313563,0.6835693232004776,34.47070222438082,0
-1.2239402667622565,1.321304032273012,-0.6769951384585313,40.23913109115993,0
-0.510016398854747,-0.03564148229748357,0.5346290861224353,5.180557284981379,0
1.4205042479898549,-0.6124373746404379,1.8325570434792018,49.89890319927591,0
-1.2276078151369925,-0.9943493746085122,0.5835443030118876,17.25928659983607,0
0.026091050210833786,0.6153674840130534,1.0237095461069814,7.432268527692113,0
-1.1065259087416703,1.0299608175811612,-0.006521315229458062,45.04309749440004,0
0.6105857452838231,-1.6019658118971685,0.5581395145185063,156.51107082044257,0
1.0470983026121545,-1.2392583948534726,-0.15525904882474875,18.822249106318527,0
0.4933179008808892,-1.053682419146354,0.6255080168310357,18.076158425404138,0
0.4567532191537839,0.4676931717654332,0.6686548047579066,40.54583742748314,0
1.7958776730955217,0.09284490114111471,-1.405189846803575,39.291348216237886,0
0.5629692366905709,-0.39963618561460235,-1.2376624223272978,4.503464512965211,0
0.6860514599984393,1.5013336519554867,-0.9242331442683044,20.723168614733037,0
1.5505004928140769,-2.151815401329305,0.5731278132412001,46.356586970943916,0
2.0752608726252655,1.188913371474643,-1.3683150388328105,26.68053979617064,0
-0.8612842013282637,0.014688194729197093,-0.7157599891107518,25.995237827000565,0
0.0030460201534144695,0.7789365035121141,-0.9379255765363989,11.729020464797122,0
1.8467073257360336,-1.6624919880356743,-1.097302527632844,27.147624950379512,0
0.5432980290363879,1.3728484746765302,-0.6946003691631446,64.7468448751117,0
-0.14408755572161547,-0.18319661872038787,-0.2116669819311769,119.74954846296511,0
-1.7587394864231143,-0.25083301645504735,1.0352493347237526,8.832265259667212,0
-0.09833962679474989,-0.31771509675623405,-1.0211624575603002,96.39524859532233,0
-0.8082982853551515,0.18335991977915564,-0.6603211394734471,5.7169551053874335,0
0.543360192379935,-0.5511857163285334,1.7193779062072967,80.41776604383907,0
0.6228499323474987,0.2992925804064919,1.5337277099164992,60.48919511776899,0
0.4714155563864041,0.10855970577652314,0.3687331473175197,142.41582784253396,0
0.517659020469123,-0.9354387020445953,0.24930859564172886,97.98941551541256,0
1.1677820616598074,0.32316771418478146,0.5488838353173644,91.3630968994574,0
-0.06413834659299254,-0.3286184757489846,-1.9511018640386248,56.00552078255975,0
-0.4152879139008013,-0.7472116791478234,-1.2585049106753345,148.77753202898802,0
-0.6881503451777238,0.1018562952619867,-0.1942691319785193,13.876930925721453,0
0.11567463429285867,-0.9716140385106515,-1.3260476860820383,70.58138618893652,0
-1.0147567306928669,-0.181224173218103,1.2788658133133932,126.62248720822467,0
-0.7043436905427592,-0.9037018607301281,0.5972282182533848,122.11619524350301,0
0.49568188797260465,-1.1388331177807691,1.631856899089109,71.81092170419447,0
0.38193545223155334,0.26536234939962844,0.714609790636618,39.55754838216908,0
-0.19634984908497827,0.9262154022415924,1.197246923645228,9.089846444861461,0
-0.5736620068802363,0.02421945667275807,0.7045065398247231,67.79240778292903,0
-1.2946814757209058,0.00020706491819709385,0.19042388992505774,2.8677315502696183,0
0.10939479460489289,0.6191542610051978,1.4641772387524374,88.78134324463295,0
-0.03722223650984159,1.2361307218062179,-0.7094410024275466,19.86280959599893,0
1.5795721457307124,0.2671266510114834,-0.7699960661974573,63.197640451824164,0
-0.5172884501003722,1.9011906857530074,0.8745170741325226,67.73546890363093,0
-3.179789512925782,-1.7800203423658858,-2.4930637076518227,452.25892938071996,1
0.17989415115347845,-1.111457956937032,0.8467707752164937,4.613135107966413,0
-0.14700200162848862,0.35561334878566,0.8936976893891109,10.276046954361123,0
-1.0121043752601675,-0.18047991359062565,0.8484308822052846,39.76878752250783,0
-2.038124535177854,-0.9983854391882915,0.4200944904518413,38.96468595696304,0
-1.6275424378831627,0.6963874474567153,-0.3871306497895146,45.63523262969475,0
1.073631749859772,0.6969544045107356,-2.238231233324972,2.766678841507926,0
0.7326400772155792,-0.6176518954343502,1.7349365758368085,20.68672142609829,0
-0.0349884904969617,0.9751976297824297,1.0114630354083562,11.585122037602504,0
1.1608267873785194,-0.009300321138614417,0.44921872128503426,47.056427823716504,0
0.6748194921666038,0.07685188295876821,2.6930336639804966,5.569006383157989,0
-0.9824873935383096,-0.8108575112103382,-0.7076258948220261,61.31162431452706,0
1.1894704889246406,-0.22859991534001858,1.0417246640588513,11.411849327172884,0
-0.275051697151644,0.3088330125989638,0.5646059258936003,17.571990836621985,0
-0.5551995266931984,1.732514999485092,0.14125714008746323,100.50908730809611,0
-0.949398888831943,0.7999419019420501,0.3676492929914216,51.866816594358156,0
0.22409248181041677,-2.553921134901955,-1.0917008761393143,103.12309439492242,0
-0.17495975669540864,1.1941094030473725,-0.9046143749937661,14.367051812518891,0
-5.823281101303515,3.772382377169591,-2.6885949728990615,531.1652856004779,1
-0.5589218472715883,-1.5708761520684993,-0.5262478565174211,29.36584538182011,0
0.6696725488300385,-1.9663565893760018,1.340461051790348,52.3150431653046,0
0.0184183791895517,-0.10015407647995278,0.47363207681145447,92.31037408879371,0
1.2378163119734618,1.8260097135469362,0.40865281148067084,43.74906909849152,0
-0.29756350335999193,2.412615421612916,-0.7068925679873489,12.16931809890208,0
-0.7309300399419191,0.9191541736100015,-0.2739930818293042,7.446559281230722,0
0.27157883719537346,-0.622649361734452,-0.46580556911816284,104.16792028767937,0
1.0654803750653512,0.02131164867194222,0.4794415180860639,61.04592989313401,0
-0.978372777615032,-0.12038116395359824,-0.2440804736742013,54.38765375510782,0
-0.10703035995455783,-0.24869112618354708,0.5514762752395233,66.28173198274331,0
-1.5566291735239037,-1.1790397911598025,0.46320629209912306,9.970444905313677,0
0.5387559924463692,1.9764405845154855,1.3705361439967134,3.1974157580488223,0
-0.0657502610729878,0.14294309476370676,0.38298898474092846,98.8246435769033,0
0.2110174672026184,0.5866938014752747,-0.6967718184295749,44.335580650181875,0
1.3757068133116195,0.7846042878980238,0.8555556590207121,170.9749780262704,0
-0.773789199103573,0.1764415552772252,-0.9958153947902291,39.585307958439074,0
2.1898029332176723,-1.4789115687741288,0.007063158628176452,165.4946892492489,0
0.7216720640432351,1.3171150673398653,1.80930634973311,16.81743141240915,0
1.4401172154494728,-0.36961033604363397,0.2522403964266774,5.64727735982155,0
-0.9758732529773327,-0.01941960588773261,0.49986412374037137,11.766517823414587,0
-1.2899608997410539,-0.4263575962055433,1.2000789564268612,7.263851666978774,0
-1.6615200622689599,-0.19365945927971812,-0.6897277740641738,12.45433667705362,0
0.04059169120388238,1.5334337012963255,-1.7518288067517191,18.032364611878844,0
-1.5568830527515787,-1.0609228194867537,-1.0921613670920154,425.3076714929832,1
0.19759960469239965,0.7542913298135743,-0.06863404608546861,23.68959392421717,0
-1.570500603623177,1.1401490385212665,-0.6028206557839616,10.033502446510932,0
-0.5309969550018176,0.018849622944847662,-0.5495402745955349,26.19368862448958,0
0.12274192974626708,0.4423259143591305,-3.2059664486833195,663.8359732270941,1
2.0102045387663496,0.42719436187168486,-0.36650702036805183,29.050324623568603,0
-0.019637798926681216,-1.6076610271180587,-1.2374266382225725,28.58156256583508,0
-1.7787202489042786,-0.8275902206487197,0.8584511166566653,127.83148745537638,0
1.8811570694405901,2.2313001461926323,-2.1305664798072006,0.4980066673638775,0
-0.3791277409874871,-0.3583401520212222,0.18517553682991406,1.8701912957678635,0
0.37721187506452086,-1.1267674689098053,1.3883377782084478,56.28685927925503,0
0.39580353343740904,-0.9735461997044687,1.32579664754219,45.93286205970264,0
0.3376026620752022,-0.46603650186824225,-0.12545426000290022,35.23030355778842,0
-1.4400508825942944,1.114321694668872,0.5723903111756757,37.227217727180204,0
-0.36244094140313216,-0.8224199323822006,-1.8697416996954206,58.566712293826605,0
-0.04946370965243295,-0.13125696709230472,0.18383451632250436,61.788453136855495,0
0.6523228784134196,1.8005111815108537,0.486036289417637,7.093659592899565,0
1.7945578635177877,-0.6706202090766449,-0.29983819627488056,14.38229637983935,0
0.9715709509543554,0.7189533106650667,-0.04865235157045115,43.91882162138101,0
-0.21398884422550896,-0.987179527151184,0.3011073391917421,88.46939419221181,0
-1.5231869047837747,0.4477169258102776,-0.4997301761516306,20.870137687341686,0
0.3098207102270275,-0.19090379172729868,0.5221425459339358,33.64623873466977,0
0.8700677306887542,0.6222071440434019,0.20232879642280202,42.07719535815295,0
0.725766623898692,2.0574954697116987,0.996858773465808,12.722513987642767,0
0.34175597577715944,-0.02730453950993186,-0.47883745600840416,44.044693404694165,0
0.9356783931474612,-1.0065425652796411,-1.0325239035275395,0.3242671116690151,0
-0.4455025214007718,-1.803139676255945,-0.48720292119492714,9.24775888878609,0
-1.804882100664519,-0.4532280493272752,0.8595878869798019,76.71779131143475,0
1.669021525289393,-1.4382779783173667,0.6197114459661363,7.136380217502092,0
0.056649924897107164,1.0519476177229186,-0.8617030702562581,105.94561744885316,0
-0.48760622407249354,0.5136001065697166,0.08589300629333041,3.690706552196081,0
-0.9232332461109043,-0.22346598237185214,-0.8184286659420014,18.741802064597284,0
0.7589285897867651,-0.17585440443207118,-0.08923415422144892,113.84456046852655,0
-0.07443342910004629,1.6122782579886454,1.5541604207147741,23.120203811650065,0
-0.8323555731042287,-1.1437262073206618,0.48206672733538614,14.30362101447174,0
-2.081929407883722,0.28328787154614216,0.5522999376795232,18.29410639573687,0
-0.24415663529064868,0.7408243454201259,-0.8638829605897661,69.18876416211573,0
-0.37144086599579146,-0.35316629281068834,0.3113086734428849,15.145404636634513,0
0.03800347816820029,0.0012054753622242368,-0.12270893359572414,24.032323119181658,0
0.5389100436846587,0.648280433843859,1.4872461553359273,43.451900055791285,0
0.6135179727304166,0.6592456684324051,-1.1302037246739238,20.97245267582794,0
1.6777008140764407,-0.4367197360405955,0.7127120288613313,127.96759337628536,0
-0.11232804969082982,0.3996879517526416,-1.5311075025557221,81.23059321896787,0
0.9826909839455139,0.1904996797790664,-1.3122191934314063,105.91011738477792,0
-0.9857260463355437,0.8604734883597454,-1.1225448062444139,20.630861888517344,0
-0.36283856043965906,-1.5137143926128271,-1.042044412243103,103.19539952627701,0
-0.3095464393139903,-0.3223204692113399,0.8545252270666157,98.90380829046353,0
1.143754043206929,-0.2711236010425688,0.054934110999848726,227.84440461143086,0
-0.9186519464841982,0.14679301198554937,-0.5574230531083212,90.52943941290195,0
-0.6465728842425266,1.6699045043514062,0.2942241290134937,141.40944351988983,0
0.7604146561442974,0.22323891412915967,-0.39247110606087293,86.0883981039034,0
0.15039378647620763,-0.15852957302697002,1.0971527117536957,5.573592452565576,0
-1.1196698946261439,1.1210306673244714,-0.38852077518300926,18.997274431331455,0
1.6286155455712918,0.0570131248970845,-0.9218598131253132,107.39612782062923,0
-2.301921164735585,1.702214944635238,-1.0196643386921156,7.743265081481421,0
-1.6548566718657693,3.193107567844861,-2.246889333984605,25.770094340727695,0
-0.12982069973342616,0.47240627788037737,1.3305749040390402,11.004654540075027,0
0.9382838059759977,-1.4063174636718339,0.6295295842218108,57.370248047861594,0
0.7575077100473051,0.5863640187550933,-0.062191016999311004,41.718323653730174,0
